[
  {
    "model": "wcore.adaptorinitparam",
    "pk": 4,
    "fields": {
      "name": "protocol",
      "value": "fork",
      "crypt": false,
      "prevent_override": true,
      "content_type": 15,
      "object_id": 1
    }
  },
  {
    "model": "wcore.adaptorinitparam",
    "pk": 5,
    "fields": {
      "name": "host",
      "value": "localhost",
      "crypt": false,
      "prevent_override": false,
      "content_type": 15,
      "object_id": 1
    }
  },
  {
    "model": "wcore.adaptorinitparam",
    "pk": 6,
    "fields": {
      "name": "command",
      "value": null,
      "crypt": false,
      "prevent_override": false,
      "content_type": 15,
      "object_id": 1
    }
  },
  {
    "model": "wcore.adaptorinitparam",
    "pk": 10,
    "fields": {
      "name": "command",
      "value": "cp",
      "crypt": false,
      "prevent_override": false,
      "content_type": 14,
      "object_id": 1
    }
  },
  {
    "model": "wcore.adaptorinitparam",
    "pk": 11,
    "fields": {
      "name": "host",
      "value": "localhost",
      "crypt": false,
      "prevent_override": false,
      "content_type": 14,
      "object_id": 1
    }
  },
  {
    "model": "wcore.adaptorinitparam",
    "pk": 12,
    "fields": {
      "name": "protocol",
      "value": "fork",
      "crypt": false,
      "prevent_override": true,
      "content_type": 14,
      "object_id": 1
    }
  },
  {
    "model": "wcore.adaptorinitparam",
    "pk": 30,
    "fields": {
      "name": "queue",
      "value": "all.q",
      "crypt": false,
      "prevent_override": true,
      "content_type": 15,
      "object_id": 2
    }
  },
  {
    "model": "wcore.adaptorinitparam",
    "pk": 31,
    "fields": {
      "name": "host",
      "value": "remotehost",
      "crypt": false,
      "prevent_override": false,
      "content_type": 15,
      "object_id": 2
    }
  },
  {
    "model": "wcore.adaptorinitparam",
    "pk": 32,
    "fields": {
      "name": "basedir",
      "value": "$HOME/",
      "crypt": false,
      "prevent_override": true,
      "content_type": 15,
      "object_id": 2
    }
  },
  {
    "model": "wcore.adaptorinitparam",
    "pk": 33,
    "fields": {
      "name": "protocol",
      "value": "sge",
      "crypt": false,
      "prevent_override": true,
      "content_type": 15,
      "object_id": 2
    }
  },
  {
    "model": "wcore.adaptorinitparam",
    "pk": 34,
    "fields": {
      "name": "user_id",
      "value": "phylo",
      "crypt": false,
      "prevent_override": false,
      "content_type": 15,
      "object_id": 2
    }
  },
  {
    "model": "wcore.adaptorinitparam",
    "pk": 35,
    "fields": {
      "name": "command",
      "value": null,
      "crypt": false,
      "prevent_override": false,
      "content_type": 15,
      "object_id": 2
    }
  },
  {
    "model": "wcore.adaptorinitparam",
    "pk": 36,
    "fields": {
      "name": "password",
      "value": null,
      "crypt": true,
      "prevent_override": false,
      "content_type": 15,
      "object_id": 2
    }
  },
  {
    "model": "wcore.adaptorinitparam",
    "pk": 37,
    "fields": {
      "name": "port",
      "value": "22",
      "crypt": false,
      "prevent_override": true,
      "content_type": 15,
      "object_id": 2
    }
  },
  {
    "model": "wcore.adaptorinitparam",
    "pk": 56,
    "fields": {
      "name": "command",
      "value": null,
      "crypt": false,
      "prevent_override": false,
      "content_type": 14,
      "object_id": 2
    }
  },
  {
    "model": "wcore.adaptorinitparam",
    "pk": 57,
    "fields": {
      "name": "host",
      "value": "wilkins",
      "crypt": false,
      "prevent_override": false,
      "content_type": 14,
      "object_id": 2
    }
  },
  {
    "model": "wcore.adaptorinitparam",
    "pk": 58,
    "fields": {
      "name": "password",
      "value": null,
      "crypt": true,
      "prevent_override": false,
      "content_type": 14,
      "object_id": 2
    }
  },
  {
    "model": "wcore.adaptorinitparam",
    "pk": 59,
    "fields": {
      "name": "user_id",
      "value": "phylo",
      "crypt": false,
      "prevent_override": false,
      "content_type": 14,
      "object_id": 2
    }
  },
  {
    "model": "wcore.adaptorinitparam",
    "pk": 64,
    "fields": {
      "name": "command",
      "value": "cp",
      "crypt": false,
      "prevent_override": false,
      "content_type": 20,
      "object_id": 2
    }
  },
  {
    "model": "wcore.adaptorinitparam",
    "pk": 65,
    "fields": {
      "name": "host",
      "value": "wilkins",
      "crypt": false,
      "prevent_override": false,
      "content_type": 20,
      "object_id": 2
    }
  },
  {
    "model": "wcore.adaptorinitparam",
    "pk": 66,
    "fields": {
      "name": "password",
      "value": "thepassword",
      "crypt": true,
      "prevent_override": false,
      "content_type": 20,
      "object_id": 2
    }
  },
  {
    "model": "wcore.adaptorinitparam",
    "pk": 67,
    "fields": {
      "name": "user_id",
      "value": "phylo",
      "crypt": false,
      "prevent_override": false,
      "content_type": 20,
      "object_id": 2
    }
  },
  {
    "model": "wcore.adaptorinitparam",
    "pk": 76,
    "fields": {
      "name": "queue",
      "value": "",
      "crypt": false,
      "prevent_override": false,
      "content_type": 15,
      "object_id": 3
    }
  },
  {
    "model": "wcore.adaptorinitparam",
    "pk": 77,
    "fields": {
      "name": "protocol",
      "value": "sge",
      "crypt": false,
      "prevent_override": false,
      "content_type": 15,
      "object_id": 3
    }
  },
  {
    "model": "wcore.adaptorinitparam",
    "pk": 78,
    "fields": {
      "name": "host",
      "value": "localhost",
      "crypt": false,
      "prevent_override": false,
      "content_type": 15,
      "object_id": 3
    }
  },
  {
    "model": "wcore.adaptorinitparam",
    "pk": 79,
    "fields": {
      "name": "command",
      "value": null,
      "crypt": false,
      "prevent_override": false,
      "content_type": 15,
      "object_id": 3
    }
  },
  {
    "model": "wcore.adaptorinitparam",
    "pk": 98,
    "fields": {
      "name": "private_key",
      "value": "$HOME/.ssh/id_rsa",
      "crypt": false,
      "prevent_override": false,
      "content_type": 15,
      "object_id": 4
    }
  },
  {
    "model": "wcore.adaptorinitparam",
    "pk": 99,
    "fields": {
      "name": "public_key",
      "value": "$HOME/.ssh/id_rsa.pub",
      "crypt": false,
      "prevent_override": false,
      "content_type": 15,
      "object_id": 4
    }
  },
  {
    "model": "wcore.adaptorinitparam",
    "pk": 100,
    "fields": {
      "name": "host",
      "value": "remotehost",
      "crypt": false,
      "prevent_override": false,
      "content_type": 15,
      "object_id": 4
    }
  },
  {
    "model": "wcore.adaptorinitparam",
    "pk": 101,
    "fields": {
      "name": "basedir",
      "value": "$HOME/",
      "crypt": false,
      "prevent_override": false,
      "content_type": 15,
      "object_id": 4
    }
  },
  {
    "model": "wcore.adaptorinitparam",
    "pk": 102,
    "fields": {
      "name": "protocol",
      "value": "slurm",
      "crypt": false,
      "prevent_override": false,
      "content_type": 15,
      "object_id": 4
    }
  },
  {
    "model": "wcore.adaptorinitparam",
    "pk": 103,
    "fields": {
      "name": "user_id",
      "value": null,
      "crypt": false,
      "prevent_override": false,
      "content_type": 15,
      "object_id": 4
    }
  },
  {
    "model": "wcore.adaptorinitparam",
    "pk": 104,
    "fields": {
      "name": "command",
      "value": null,
      "crypt": false,
      "prevent_override": false,
      "content_type": 15,
      "object_id": 4
    }
  },
  {
    "model": "wcore.adaptorinitparam",
    "pk": 105,
    "fields": {
      "name": "password",
      "value": null,
      "crypt": false,
      "prevent_override": false,
      "content_type": 15,
      "object_id": 4
    }
  },
  {
    "model": "wcore.adaptorinitparam",
    "pk": 106,
    "fields": {
      "name": "port",
      "value": "22",
      "crypt": false,
      "prevent_override": false,
      "content_type": 15,
      "object_id": 4
    }
  },
  {
    "model": "wcore.adaptorinitparam",
    "pk": 107,
    "fields": {
      "name": "queue",
      "value": "",
      "crypt": false,
      "prevent_override": false,
      "content_type": 15,
      "object_id": 4
    }
  },
  {
    "model": "wcore.adaptorinitparam",
    "pk": 115,
    "fields": {
      "name": "host",
      "value": "remotehost",
      "crypt": false,
      "prevent_override": false,
      "content_type": 15,
      "object_id": 5
    }
  },
  {
    "model": "wcore.adaptorinitparam",
    "pk": 116,
    "fields": {
      "name": "basedir",
      "value": "$HOME/",
      "crypt": false,
      "prevent_override": false,
      "content_type": 15,
      "object_id": 5
    }
  },
  {
    "model": "wcore.adaptorinitparam",
    "pk": 117,
    "fields": {
      "name": "protocol",
      "value": "ssh",
      "crypt": false,
      "prevent_override": false,
      "content_type": 15,
      "object_id": 5
    }
  },
  {
    "model": "wcore.adaptorinitparam",
    "pk": 118,
    "fields": {
      "name": "user_id",
      "value": null,
      "crypt": false,
      "prevent_override": false,
      "content_type": 15,
      "object_id": 5
    }
  },
  {
    "model": "wcore.adaptorinitparam",
    "pk": 119,
    "fields": {
      "name": "command",
      "value": null,
      "crypt": false,
      "prevent_override": false,
      "content_type": 15,
      "object_id": 5
    }
  },
  {
    "model": "wcore.adaptorinitparam",
    "pk": 120,
    "fields": {
      "name": "password",
      "value": null,
      "crypt": false,
      "prevent_override": false,
      "content_type": 15,
      "object_id": 5
    }
  },
  {
    "model": "wcore.adaptorinitparam",
    "pk": 121,
    "fields": {
      "name": "port",
      "value": "22",
      "crypt": false,
      "prevent_override": false,
      "content_type": 15,
      "object_id": 5
    }
  },
  {
    "model": "wcore.adaptorinitparam",
    "pk": 144,
    "fields": {
      "name": "basedir",
      "value": "$HOME/",
      "crypt": false,
      "prevent_override": false,
      "content_type": 14,
      "object_id": 4
    }
  },
  {
    "model": "wcore.adaptorinitparam",
    "pk": 145,
    "fields": {
      "name": "command",
      "value": "/usr/local/bin/command",
      "crypt": false,
      "prevent_override": false,
      "content_type": 14,
      "object_id": 4
    }
  },
  {
    "model": "wcore.adaptorinitparam",
    "pk": 146,
    "fields": {
      "name": "host",
      "value": "remotehost",
      "crypt": false,
      "prevent_override": false,
      "content_type": 14,
      "object_id": 4
    }
  },
  {
    "model": "wcore.adaptorinitparam",
    "pk": 147,
    "fields": {
      "name": "password",
      "value": "override",
      "crypt": true,
      "prevent_override": false,
      "content_type": 14,
      "object_id": 4
    }
  },
  {
    "model": "wcore.adaptorinitparam",
    "pk": 148,
    "fields": {
      "name": "port",
      "value": "22",
      "crypt": false,
      "prevent_override": false,
      "content_type": 14,
      "object_id": 4
    }
  },
  {
    "model": "wcore.adaptorinitparam",
    "pk": 149,
    "fields": {
      "name": "private_key",
      "value": "$HOME/.ssh/id_rsa",
      "crypt": false,
      "prevent_override": false,
      "content_type": 14,
      "object_id": 4
    }
  },
  {
    "model": "wcore.adaptorinitparam",
    "pk": 150,
    "fields": {
      "name": "protocol",
      "value": "slurm",
      "crypt": false,
      "prevent_override": false,
      "content_type": 14,
      "object_id": 4
    }
  },
  {
    "model": "wcore.adaptorinitparam",
    "pk": 151,
    "fields": {
      "name": "public_key",
      "value": "$HOME/.ssh/id_rsa.pub",
      "crypt": false,
      "prevent_override": false,
      "content_type": 14,
      "object_id": 4
    }
  },
  {
    "model": "wcore.adaptorinitparam",
    "pk": 152,
    "fields": {
      "name": "queue",
      "value": "lirmm1",
      "crypt": false,
      "prevent_override": false,
      "content_type": 14,
      "object_id": 4
    }
  },
  {
    "model": "wcore.adaptorinitparam",
    "pk": 153,
    "fields": {
      "name": "user_id",
      "value": "user_id",
      "crypt": false,
      "prevent_override": false,
      "content_type": 14,
      "object_id": 4
    }
  },
  {
    "model": "wcore.adaptorinitparam",
    "pk": 196,
    "fields": {
      "name": "basedir",
      "value": "$HOME/",
      "crypt": false,
      "prevent_override": false,
      "content_type": 20,
      "object_id": 4
    }
  },
  {
    "model": "wcore.adaptorinitparam",
    "pk": 197,
    "fields": {
      "name": "command",
      "value": null,
      "crypt": false,
      "prevent_override": false,
      "content_type": 20,
      "object_id": 4
    }
  },
  {
    "model": "wcore.adaptorinitparam",
    "pk": 198,
    "fields": {
      "name": "host",
      "value": "remotehost",
      "crypt": false,
      "prevent_override": false,
      "content_type": 20,
      "object_id": 4
    }
  },
  {
    "model": "wcore.adaptorinitparam",
    "pk": 199,
    "fields": {
      "name": "password",
      "value": null,
      "crypt": true,
      "prevent_override": false,
      "content_type": 20,
      "object_id": 4
    }
  },
  {
    "model": "wcore.adaptorinitparam",
    "pk": 200,
    "fields": {
      "name": "port",
      "value": "22",
      "crypt": false,
      "prevent_override": false,
      "content_type": 20,
      "object_id": 4
    }
  },
  {
    "model": "wcore.adaptorinitparam",
    "pk": 201,
    "fields": {
      "name": "private_key",
      "value": "$HOME/.ssh/id_rsa",
      "crypt": false,
      "prevent_override": false,
      "content_type": 20,
      "object_id": 4
    }
  },
  {
    "model": "wcore.adaptorinitparam",
    "pk": 202,
    "fields": {
      "name": "protocol",
      "value": "slurm",
      "crypt": false,
      "prevent_override": false,
      "content_type": 20,
      "object_id": 4
    }
  },
  {
    "model": "wcore.adaptorinitparam",
    "pk": 203,
    "fields": {
      "name": "public_key",
      "value": "$HOME/.ssh/id_rsa.pub",
      "crypt": false,
      "prevent_override": false,
      "content_type": 20,
      "object_id": 4
    }
  },
  {
    "model": "wcore.adaptorinitparam",
    "pk": 204,
    "fields": {
      "name": "queue",
      "value": "",
      "crypt": false,
      "prevent_override": false,
      "content_type": 20,
      "object_id": 4
    }
  },
  {
    "model": "wcore.adaptorinitparam",
    "pk": 205,
    "fields": {
      "name": "user_id",
      "value": null,
      "crypt": false,
      "prevent_override": false,
      "content_type": 20,
      "object_id": 4
    }
  },
  {
    "model": "wcore.adaptorinitparam",
    "pk": 228,
    "fields": {
      "name": "command",
      "value": null,
      "crypt": false,
      "prevent_override": false,
      "content_type": 20,
      "object_id": 5
    }
  },
  {
    "model": "wcore.adaptorinitparam",
    "pk": 229,
    "fields": {
      "name": "host",
      "value": "localhost",
      "crypt": false,
      "prevent_override": false,
      "content_type": 20,
      "object_id": 5
    }
  },
  {
    "model": "wcore.adaptorinitparam",
    "pk": 230,
    "fields": {
      "name": "command",
      "value": null,
      "crypt": false,
      "prevent_override": false,
      "content_type": 20,
      "object_id": 1
    }
  },
  {
    "model": "wcore.adaptorinitparam",
    "pk": 231,
    "fields": {
      "name": "host",
      "value": "localhost",
      "crypt": false,
      "prevent_override": false,
      "content_type": 20,
      "object_id": 1
    }
  },
  {
    "model": "wcore.jobhistory",
    "pk": 36,
    "fields": {
      "job": 8,
      "timestamp": "2017-12-20T12:23:46.570Z",
      "status": 0,
      "message": "Job Defaults created",
      "is_admin": false
    }
  },
  {
    "model": "wcore.jobhistory",
    "pk": 37,
    "fields": {
      "job": 9,
      "timestamp": "2017-12-20T12:28:47.395Z",
      "status": 0,
      "message": "Job Defaults created",
      "is_admin": false
    }
  },
  {
    "model": "wcore.runner",
    "pk": 1,
    "fields": {
      "description": "",
      "short_description": "Shell script run locally",
      "clazz": "waves.wcore.adaptors.shell.LocalShellAdaptor",
      "binary_file": null,
      "name": "Simple Shell Local",
      "enabled": true
    }
  },
  {
    "model": "wcore.runner",
    "pk": 2,
    "fields": {
      "description": "",
      "short_description": "SGE cluster accessed via SSH (login/pass)",
      "clazz": "waves.wcore.adaptors.cluster.SshClusterAdaptor",
      "binary_file": null,
      "name": "SSH SGE Cluster",
      "enabled": true
    }
  },
  {
    "model": "wcore.runner",
    "pk": 3,
    "fields": {
      "description": "",
      "short_description": "Locally installed SGE cluster",
      "clazz": "waves.wcore.adaptors.cluster.LocalClusterAdaptor",
      "binary_file": null,
      "name": "Local SGE",
      "enabled": true
    }
  },
  {
    "model": "wcore.runner",
    "pk": 4,
    "fields": {
      "description": "",
      "short_description": "SLURM cluster over SSH (with ssh key)",
      "clazz": "waves.wcore.adaptors.cluster.SshKeyClusterAdaptor",
      "binary_file": null,
      "name": "Slurm over SSH",
      "enabled": true
    }
  },
  {
    "model": "wcore.runner",
    "pk": 5,
    "fields": {
      "description": "",
      "short_description": "Simple shell script run remotely over SSH (login/pass)",
      "clazz": "waves.wcore.adaptors.shell.SshShellAdaptor",
      "binary_file": null,
      "name": "Shell over SSH",
      "enabled": true
    }
  },
  {
    "model": "wcore.submission",
    "pk": 1,
    "fields": {
      "created": "2017-10-03T08:25:49.254Z",
      "updated": "2018-01-02T11:24:09.101Z",
      "order": 0,
      "slug": "c1564be2-88f4-4e5c-a01c-15e3d50ea09b",
      "api_name": "simple",
      "binary_file": null,
      "runner": null,
      "service": 1,
      "availability": 1,
      "name": "simple"
    }
  },
  {
    "model": "wcore.submission",
    "pk": 2,
    "fields": {
      "created": "2017-10-10T13:44:45.414Z",
      "updated": "2017-12-27T14:44:10.104Z",
      "order": 0,
      "slug": "1402259f-7171-4e7e-8417-32e333c6650f",
      "api_name": "default_1",
      "binary_file": null,
      "runner": 2,
      "service": 2,
      "availability": 1,
      "name": "default"
    }
  },
  {
    "model": "wcore.submission",
    "pk": 4,
    "fields": {
      "created": "2017-12-27T13:43:31.475Z",
      "updated": "2017-12-27T14:51:39.686Z",
      "order": 0,
      "slug": "44b2c368-dfa6-470b-8f01-20610c390bdc",
      "api_name": "default",
      "binary_file": null,
      "runner": null,
      "service": 4,
      "availability": 1,
      "name": "default"
    }
  },
  {
    "model": "wcore.submission",
    "pk": 5,
    "fields": {
      "created": "2018-01-02T09:37:28.642Z",
      "updated": "2018-01-02T09:37:28.642Z",
      "order": 1,
      "slug": "48d0213e-ece0-450d-89c1-3d0e2ef30f01",
      "api_name": "toto",
      "binary_file": null,
      "runner": null,
      "service": 1,
      "availability": 1,
      "name": "toto"
    }
  },
  {
    "model": "wcore.submissionoutput",
    "pk": 1,
    "fields": {
      "created": "2017-10-10T13:56:20.194Z",
      "updated": "2017-10-10T13:56:20.194Z",
      "api_name": "mon_output_attendu",
      "label": "mon output attendu",
      "name": "mon output attendu",
      "submission": 2,
      "from_input": 2,
      "file_pattern": "%s_qsdmlkmqlk",
      "edam_format": null,
      "edam_data": null,
      "help_text": "",
      "extension": ".txt"
    }
  },
  {
    "model": "wcore.submissionoutput",
    "pk": 2,
    "fields": {
      "created": "2017-10-10T14:11:46.087Z",
      "updated": "2017-10-10T14:11:46.087Z",
      "api_name": "copied_file",
      "label": "Copied file",
      "name": "Copied file",
      "submission": 1,
      "from_input": 4,
      "file_pattern": "%s",
      "edam_format": null,
      "edam_data": null,
      "help_text": "",
      "extension": ""
    }
  },
  {
    "model": "wcore.submissionexitcode",
    "pk": 1,
    "fields": {
      "exit_code": 0,
      "message": "Process exit normally",
      "submission": 1,
      "is_error": false
    }
  },
  {
    "model": "wcore.submissionexitcode",
    "pk": 2,
    "fields": {
      "exit_code": 1,
      "message": "Process exit error",
      "submission": 1,
      "is_error": true
    }
  },
  {
    "model": "wcore.submissionexitcode",
    "pk": 3,
    "fields": {
      "exit_code": 0,
      "message": "Process exit normally",
      "submission": 2,
      "is_error": false
    }
  },
  {
    "model": "wcore.submissionexitcode",
    "pk": 4,
    "fields": {
      "exit_code": 1,
      "message": "Process exit error",
      "submission": 2,
      "is_error": true
    }
  },
  {
    "model": "wcore.submissionexitcode",
    "pk": 7,
    "fields": {
      "exit_code": 0,
      "message": "Process exit normally",
      "submission": 4,
      "is_error": false
    }
  },
  {
    "model": "wcore.submissionexitcode",
    "pk": 8,
    "fields": {
      "exit_code": 1,
      "message": "Process exit error",
      "submission": 4,
      "is_error": true
    }
  },
  {
    "model": "wcore.submissionexitcode",
    "pk": 9,
    "fields": {
      "exit_code": 0,
      "message": "Process exit normally",
      "submission": 5,
      "is_error": false
    }
  },
  {
    "model": "wcore.submissionexitcode",
    "pk": 10,
    "fields": {
      "exit_code": 1,
      "message": "Process exit error",
      "submission": 5,
      "is_error": true
    }
  },
  {
    "model": "wcore.aparam",
    "pk": 1,
    "fields": {
      "polymorphic_ctype": 26,
      "order": 1,
      "api_name": "file",
      "label": "File Input",
      "name": "file",
      "multiple": false,
      "help_text": "",
      "submission": 1,
      "required": true,
      "default": null,
      "cmd_format": 4,
      "edam_formats": null,
      "edam_datas": null,
      "repeat_group": null,
      "when_value": null,
      "parent": null,
      "regexp": null
    }
  },
  {
    "model": "wcore.aparam",
    "pk": 2,
    "fields": {
      "polymorphic_ctype": 27,
      "order": 1,
      "api_name": "input_name_txt",
      "label": "Mon input texte",
      "name": "input_name_txt",
      "multiple": false,
      "help_text": "",
      "submission": 2,
      "required": null,
      "default": "toto",
      "cmd_format": 2,
      "edam_formats": null,
      "edam_datas": null,
      "repeat_group": null,
      "when_value": null,
      "parent": null,
      "regexp": null
    }
  },
  {
    "model": "wcore.aparam",
    "pk": 3,
    "fields": {
      "polymorphic_ctype": 22,
      "order": 2,
      "api_name": "list",
      "label": "list parameter",
      "name": "list",
      "multiple": false,
      "help_text": "",
      "submission": 2,
      "required": true,
      "default": "value1",
      "cmd_format": 2,
      "edam_formats": null,
      "edam_datas": null,
      "repeat_group": null,
      "when_value": null,
      "parent": null,
      "regexp": null
    }
  },
  {
    "model": "wcore.aparam",
    "pk": 4,
    "fields": {
      "polymorphic_ctype": 27,
      "order": 2,
      "api_name": "output_copy",
      "label": "Output name",
      "name": "output_copy",
      "multiple": false,
      "help_text": "",
      "submission": 1,
      "required": true,
      "default": "copy.txt",
      "cmd_format": 4,
      "edam_formats": null,
      "edam_datas": null,
      "repeat_group": null,
      "when_value": null,
      "parent": null,
      "regexp": null
    }
  },
  {
    "model": "wcore.aparam",
    "pk": 5,
    "fields": {
      "polymorphic_ctype": 27,
      "order": 3,
      "api_name": "t",
      "label": "test",
      "name": "t",
      "multiple": false,
      "help_text": "",
      "submission": 1,
      "required": true,
      "default": null,
      "cmd_format": 2,
      "edam_formats": null,
      "edam_datas": null,
      "repeat_group": null,
      "when_value": null,
      "parent": null,
      "regexp": null
    }
  },
  {
    "model": "wcore.aparam",
    "pk": 6,
    "fields": {
      "polymorphic_ctype": 27,
      "order": 4,
      "api_name": "eee",
      "label": "ant",
      "name": "eee",
      "multiple": false,
      "help_text": "",
      "submission": 1,
      "required": true,
      "default": null,
      "cmd_format": 2,
      "edam_formats": null,
      "edam_datas": null,
      "repeat_group": null,
      "when_value": null,
      "parent": null,
      "regexp": null
    }
  },
  {
    "model": "wcore.textparam",
    "pk": 2,
    "fields": {
      "max_length": "255"
    }
  },
  {
    "model": "wcore.textparam",
    "pk": 4,
    "fields": {
      "max_length": "255"
    }
  },
  {
    "model": "wcore.textparam",
    "pk": 5,
    "fields": {
      "max_length": "255"
    }
  },
  {
    "model": "wcore.textparam",
    "pk": 6,
    "fields": {
      "max_length": "255"
    }
  },
  {
    "model": "wcore.listparam",
    "pk": 3,
    "fields": {
      "list_mode": "select",
      "list_elements": "le label1|value1\r\nle label 2|value2"
    }
  },
  {
    "model": "wcore.fileinput",
    "pk": 1,
    "fields": {
      "max_size": 20480,
      "allowed_extensions": "*",
      "allow_copy_paste": true
    }
  },
  {
    "model": "wcore.jobinput",
    "pk": 14,
    "fields": {
      "order": 1,
      "slug": "a2c4eeb0-66fb-4e3c-89a2-02ee900393a4",
      "api_name": "file",
      "job": 8,
      "value": "adaptors_exception.png",
      "remote_input_id": null,
      "param_type": "file",
      "name": "file",
      "cmd_format": 4,
      "label": "File Input"
    }
  },
  {
    "model": "wcore.jobinput",
    "pk": 15,
    "fields": {
      "order": 2,
      "slug": "29f1e809-1097-4a71-a4be-9dbc83daa1b6",
      "api_name": "output_copy",
      "job": 8,
      "value": "copy.txt",
      "remote_input_id": null,
      "param_type": "text",
      "name": "output_copy",
      "cmd_format": 4,
      "label": "Output name"
    }
  },
  {
    "model": "wcore.jobinput",
    "pk": 16,
    "fields": {
      "order": 1,
      "slug": "7e306c31-5109-4515-bc5f-8f2cd7b732a8",
      "api_name": "file",
      "job": 9,
      "value": "adaptors_exception.png",
      "remote_input_id": null,
      "param_type": "file",
      "name": "file",
      "cmd_format": 4,
      "label": "File Input"
    }
  },
  {
    "model": "wcore.jobinput",
    "pk": 17,
    "fields": {
      "order": 2,
      "slug": "57d241ed-ef75-4bc3-84bb-2285920d0f55",
      "api_name": "output_copy",
      "job": 9,
      "value": "copy.txt",
      "remote_input_id": null,
      "param_type": "text",
      "name": "output_copy",
      "cmd_format": 4,
      "label": "Output name"
    }
  },
  {
    "model": "wcore.joboutput",
    "pk": 21,
    "fields": {
      "order": 0,
      "slug": "2a53288a-8c82-4ea0-8132-29375682bd99",
      "api_name": "job_stdout",
      "job": 8,
      "value": "job.stdout",
      "remote_output_id": null,
      "_name": "Standard output",
      "extension": ""
    }
  },
  {
    "model": "wcore.joboutput",
    "pk": 22,
    "fields": {
      "order": 0,
      "slug": "025292b9-ffeb-418a-907c-2fd7a0690739",
      "api_name": "job_stderr",
      "job": 8,
      "value": "job.stderr",
      "remote_output_id": null,
      "_name": "Standard error",
      "extension": ""
    }
  },
  {
    "model": "wcore.joboutput",
    "pk": 23,
    "fields": {
      "order": 0,
      "slug": "6db07d44-1c97-42f4-940b-e257acedc27c",
      "api_name": "copied_file",
      "job": 8,
      "value": "copy.txt",
      "remote_output_id": null,
      "_name": "Copied file",
      "extension": ""
    }
  },
  {
    "model": "wcore.joboutput",
    "pk": 24,
    "fields": {
      "order": 0,
      "slug": "394f4875-9f5e-4e8e-9db0-80eaeac0e1fe",
      "api_name": "job_stdout",
      "job": 9,
      "value": "job.stdout",
      "remote_output_id": null,
      "_name": "Standard output",
      "extension": ""
    }
  },
  {
    "model": "wcore.joboutput",
    "pk": 25,
    "fields": {
      "order": 0,
      "slug": "5fda8d91-2eb2-4ce6-b6cf-b86b9bbde2fc",
      "api_name": "job_stderr",
      "job": 9,
      "value": "job.stderr",
      "remote_output_id": null,
      "_name": "Standard error",
      "extension": ""
    }
  },
  {
    "model": "wcore.joboutput",
    "pk": 26,
    "fields": {
      "order": 0,
      "slug": "bf23b141-9cc0-46b0-bbcd-3b312f3a470b",
      "api_name": "copied_file",
      "job": 9,
      "value": "copy.txt",
      "remote_output_id": null,
      "_name": "Copied file",
      "extension": ""
    }
  },
  {
    "model": "auth.permission",
    "pk": 1,
    "fields": {
      "name": "Can add log entry",
      "content_type": 1,
      "codename": "add_logentry"
    }
  },
  {
    "model": "auth.permission",
    "pk": 2,
    "fields": {
      "name": "Can change log entry",
      "content_type": 1,
      "codename": "change_logentry"
    }
  },
  {
    "model": "auth.permission",
    "pk": 3,
    "fields": {
      "name": "Can delete log entry",
      "content_type": 1,
      "codename": "delete_logentry"
    }
  },
  {
    "model": "auth.permission",
    "pk": 4,
    "fields": {
      "name": "Can add group",
      "content_type": 2,
      "codename": "add_group"
    }
  },
  {
    "model": "auth.permission",
    "pk": 5,
    "fields": {
      "name": "Can change group",
      "content_type": 2,
      "codename": "change_group"
    }
  },
  {
    "model": "auth.permission",
    "pk": 6,
    "fields": {
      "name": "Can delete group",
      "content_type": 2,
      "codename": "delete_group"
    }
  },
  {
    "model": "auth.permission",
    "pk": 7,
    "fields": {
      "name": "Can add permission",
      "content_type": 3,
      "codename": "add_permission"
    }
  },
  {
    "model": "auth.permission",
    "pk": 8,
    "fields": {
      "name": "Can change permission",
      "content_type": 3,
      "codename": "change_permission"
    }
  },
  {
    "model": "auth.permission",
    "pk": 9,
    "fields": {
      "name": "Can delete permission",
      "content_type": 3,
      "codename": "delete_permission"
    }
  },
  {
    "model": "auth.permission",
    "pk": 10,
    "fields": {
      "name": "Can add user",
      "content_type": 4,
      "codename": "add_user"
    }
  },
  {
    "model": "auth.permission",
    "pk": 11,
    "fields": {
      "name": "Can change user",
      "content_type": 4,
      "codename": "change_user"
    }
  },
  {
    "model": "auth.permission",
    "pk": 12,
    "fields": {
      "name": "Can delete user",
      "content_type": 4,
      "codename": "delete_user"
    }
  },
  {
    "model": "auth.permission",
    "pk": 13,
    "fields": {
      "name": "Can add content type",
      "content_type": 5,
      "codename": "add_contenttype"
    }
  },
  {
    "model": "auth.permission",
    "pk": 14,
    "fields": {
      "name": "Can change content type",
      "content_type": 5,
      "codename": "change_contenttype"
    }
  },
  {
    "model": "auth.permission",
    "pk": 15,
    "fields": {
      "name": "Can delete content type",
      "content_type": 5,
      "codename": "delete_contenttype"
    }
  },
  {
    "model": "auth.permission",
    "pk": 16,
    "fields": {
      "name": "Can add session",
      "content_type": 6,
      "codename": "add_session"
    }
  },
  {
    "model": "auth.permission",
    "pk": 17,
    "fields": {
      "name": "Can change session",
      "content_type": 6,
      "codename": "change_session"
    }
  },
  {
    "model": "auth.permission",
    "pk": 18,
    "fields": {
      "name": "Can delete session",
      "content_type": 6,
      "codename": "delete_session"
    }
  },
  {
    "model": "auth.permission",
    "pk": 19,
    "fields": {
      "name": "Can add Expected output",
      "content_type": 7,
      "codename": "add_submissionoutput"
    }
  },
  {
    "model": "auth.permission",
    "pk": 20,
    "fields": {
      "name": "Can change Expected output",
      "content_type": 7,
      "codename": "change_submissionoutput"
    }
  },
  {
    "model": "auth.permission",
    "pk": 21,
    "fields": {
      "name": "Can delete Expected output",
      "content_type": 7,
      "codename": "delete_submissionoutput"
    }
  },
  {
    "model": "auth.permission",
    "pk": 22,
    "fields": {
      "name": "Can add repeated group",
      "content_type": 8,
      "codename": "add_repeatedgroup"
    }
  },
  {
    "model": "auth.permission",
    "pk": 23,
    "fields": {
      "name": "Can change repeated group",
      "content_type": 8,
      "codename": "change_repeatedgroup"
    }
  },
  {
    "model": "auth.permission",
    "pk": 24,
    "fields": {
      "name": "Can delete repeated group",
      "content_type": 8,
      "codename": "delete_repeatedgroup"
    }
  },
  {
    "model": "auth.permission",
    "pk": 25,
    "fields": {
      "name": "Can add Job",
      "content_type": 9,
      "codename": "add_job"
    }
  },
  {
    "model": "auth.permission",
    "pk": 26,
    "fields": {
      "name": "Can change Job",
      "content_type": 9,
      "codename": "change_job"
    }
  },
  {
    "model": "auth.permission",
    "pk": 27,
    "fields": {
      "name": "Can delete Job",
      "content_type": 9,
      "codename": "delete_job"
    }
  },
  {
    "model": "auth.permission",
    "pk": 28,
    "fields": {
      "name": "Can add Binary file",
      "content_type": 10,
      "codename": "add_servicebinaryfile"
    }
  },
  {
    "model": "auth.permission",
    "pk": 29,
    "fields": {
      "name": "Can change Binary file",
      "content_type": 10,
      "codename": "change_servicebinaryfile"
    }
  },
  {
    "model": "auth.permission",
    "pk": 30,
    "fields": {
      "name": "Can delete Binary file",
      "content_type": 10,
      "codename": "delete_servicebinaryfile"
    }
  },
  {
    "model": "auth.permission",
    "pk": 31,
    "fields": {
      "name": "Can add job history",
      "content_type": 11,
      "codename": "add_jobhistory"
    }
  },
  {
    "model": "auth.permission",
    "pk": 32,
    "fields": {
      "name": "Can change job history",
      "content_type": 11,
      "codename": "change_jobhistory"
    }
  },
  {
    "model": "auth.permission",
    "pk": 33,
    "fields": {
      "name": "Can delete job history",
      "content_type": 11,
      "codename": "delete_jobhistory"
    }
  },
  {
    "model": "auth.permission",
    "pk": 34,
    "fields": {
      "name": "Can add Exit Code",
      "content_type": 12,
      "codename": "add_submissionexitcode"
    }
  },
  {
    "model": "auth.permission",
    "pk": 35,
    "fields": {
      "name": "Can change Exit Code",
      "content_type": 12,
      "codename": "change_submissionexitcode"
    }
  },
  {
    "model": "auth.permission",
    "pk": 36,
    "fields": {
      "name": "Can delete Exit Code",
      "content_type": 12,
      "codename": "delete_submissionexitcode"
    }
  },
  {
    "model": "auth.permission",
    "pk": 37,
    "fields": {
      "name": "Can add Input sample",
      "content_type": 13,
      "codename": "add_fileinputsample"
    }
  },
  {
    "model": "auth.permission",
    "pk": 38,
    "fields": {
      "name": "Can change Input sample",
      "content_type": 13,
      "codename": "change_fileinputsample"
    }
  },
  {
    "model": "auth.permission",
    "pk": 39,
    "fields": {
      "name": "Can delete Input sample",
      "content_type": 13,
      "codename": "delete_fileinputsample"
    }
  },
  {
    "model": "auth.permission",
    "pk": 40,
    "fields": {
      "name": "Can add Online Service",
      "content_type": 14,
      "codename": "add_service"
    }
  },
  {
    "model": "auth.permission",
    "pk": 41,
    "fields": {
      "name": "Can change Online Service",
      "content_type": 14,
      "codename": "change_service"
    }
  },
  {
    "model": "auth.permission",
    "pk": 42,
    "fields": {
      "name": "Can delete Online Service",
      "content_type": 14,
      "codename": "delete_service"
    }
  },
  {
    "model": "auth.permission",
    "pk": 43,
    "fields": {
      "name": "Can add Execution environment",
      "content_type": 15,
      "codename": "add_runner"
    }
  },
  {
    "model": "auth.permission",
    "pk": 44,
    "fields": {
      "name": "Can change Execution environment",
      "content_type": 15,
      "codename": "change_runner"
    }
  },
  {
    "model": "auth.permission",
    "pk": 45,
    "fields": {
      "name": "Can delete Execution environment",
      "content_type": 15,
      "codename": "delete_runner"
    }
  },
  {
    "model": "auth.permission",
    "pk": 46,
    "fields": {
      "name": "Can add Initial param",
      "content_type": 16,
      "codename": "add_adaptorinitparam"
    }
  },
  {
    "model": "auth.permission",
    "pk": 47,
    "fields": {
      "name": "Can change Initial param",
      "content_type": 16,
      "codename": "change_adaptorinitparam"
    }
  },
  {
    "model": "auth.permission",
    "pk": 48,
    "fields": {
      "name": "Can delete Initial param",
      "content_type": 16,
      "codename": "delete_adaptorinitparam"
    }
  },
  {
    "model": "auth.permission",
    "pk": 49,
    "fields": {
      "name": "Can add service run param",
      "content_type": 16,
      "codename": "add_servicerunparam"
    }
  },
  {
    "model": "auth.permission",
    "pk": 50,
    "fields": {
      "name": "Can change service run param",
      "content_type": 16,
      "codename": "change_servicerunparam"
    }
  },
  {
    "model": "auth.permission",
    "pk": 51,
    "fields": {
      "name": "Can delete service run param",
      "content_type": 16,
      "codename": "delete_servicerunparam"
    }
  },
  {
    "model": "auth.permission",
    "pk": 52,
    "fields": {
      "name": "Can add Sample dependency",
      "content_type": 17,
      "codename": "add_sampledepparam"
    }
  },
  {
    "model": "auth.permission",
    "pk": 53,
    "fields": {
      "name": "Can change Sample dependency",
      "content_type": 17,
      "codename": "change_sampledepparam"
    }
  },
  {
    "model": "auth.permission",
    "pk": 54,
    "fields": {
      "name": "Can delete Sample dependency",
      "content_type": 17,
      "codename": "delete_sampledepparam"
    }
  },
  {
    "model": "auth.permission",
    "pk": 55,
    "fields": {
      "name": "Can add Input",
      "content_type": 18,
      "codename": "add_aparam"
    }
  },
  {
    "model": "auth.permission",
    "pk": 56,
    "fields": {
      "name": "Can change Input",
      "content_type": 18,
      "codename": "change_aparam"
    }
  },
  {
    "model": "auth.permission",
    "pk": 57,
    "fields": {
      "name": "Can delete Input",
      "content_type": 18,
      "codename": "delete_aparam"
    }
  },
  {
    "model": "auth.permission",
    "pk": 58,
    "fields": {
      "name": "Can add job input",
      "content_type": 19,
      "codename": "add_jobinput"
    }
  },
  {
    "model": "auth.permission",
    "pk": 59,
    "fields": {
      "name": "Can change job input",
      "content_type": 19,
      "codename": "change_jobinput"
    }
  },
  {
    "model": "auth.permission",
    "pk": 60,
    "fields": {
      "name": "Can delete job input",
      "content_type": 19,
      "codename": "delete_jobinput"
    }
  },
  {
    "model": "auth.permission",
    "pk": 61,
    "fields": {
      "name": "Can add Submission form",
      "content_type": 20,
      "codename": "add_submission"
    }
  },
  {
    "model": "auth.permission",
    "pk": 62,
    "fields": {
      "name": "Can change Submission form",
      "content_type": 20,
      "codename": "change_submission"
    }
  },
  {
    "model": "auth.permission",
    "pk": 63,
    "fields": {
      "name": "Can delete Submission form",
      "content_type": 20,
      "codename": "delete_submission"
    }
  },
  {
    "model": "auth.permission",
    "pk": 64,
    "fields": {
      "name": "Can add job output",
      "content_type": 21,
      "codename": "add_joboutput"
    }
  },
  {
    "model": "auth.permission",
    "pk": 65,
    "fields": {
      "name": "Can change job output",
      "content_type": 21,
      "codename": "change_joboutput"
    }
  },
  {
    "model": "auth.permission",
    "pk": 66,
    "fields": {
      "name": "Can delete job output",
      "content_type": 21,
      "codename": "delete_joboutput"
    }
  },
  {
    "model": "auth.permission",
    "pk": 67,
    "fields": {
      "name": "Can add List",
      "content_type": 22,
      "codename": "add_listparam"
    }
  },
  {
    "model": "auth.permission",
    "pk": 68,
    "fields": {
      "name": "Can change List",
      "content_type": 22,
      "codename": "change_listparam"
    }
  },
  {
    "model": "auth.permission",
    "pk": 69,
    "fields": {
      "name": "Can delete List",
      "content_type": 22,
      "codename": "delete_listparam"
    }
  },
  {
    "model": "auth.permission",
    "pk": 70,
    "fields": {
      "name": "Can add job admin history",
      "content_type": 11,
      "codename": "add_jobadminhistory"
    }
  },
  {
    "model": "auth.permission",
    "pk": 71,
    "fields": {
      "name": "Can change job admin history",
      "content_type": 11,
      "codename": "change_jobadminhistory"
    }
  },
  {
    "model": "auth.permission",
    "pk": 72,
    "fields": {
      "name": "Can delete job admin history",
      "content_type": 11,
      "codename": "delete_jobadminhistory"
    }
  },
  {
    "model": "auth.permission",
    "pk": 73,
    "fields": {
      "name": "Can add submission run param",
      "content_type": 16,
      "codename": "add_submissionrunparam"
    }
  },
  {
    "model": "auth.permission",
    "pk": 74,
    "fields": {
      "name": "Can change submission run param",
      "content_type": 16,
      "codename": "change_submissionrunparam"
    }
  },
  {
    "model": "auth.permission",
    "pk": 75,
    "fields": {
      "name": "Can delete submission run param",
      "content_type": 16,
      "codename": "delete_submissionrunparam"
    }
  },
  {
    "model": "auth.permission",
    "pk": 76,
    "fields": {
      "name": "Can add Integer",
      "content_type": 23,
      "codename": "add_integerparam"
    }
  },
  {
    "model": "auth.permission",
    "pk": 77,
    "fields": {
      "name": "Can change Integer",
      "content_type": 23,
      "codename": "change_integerparam"
    }
  },
  {
    "model": "auth.permission",
    "pk": 78,
    "fields": {
      "name": "Can delete Integer",
      "content_type": 23,
      "codename": "delete_integerparam"
    }
  },
  {
    "model": "auth.permission",
    "pk": 79,
    "fields": {
      "name": "Can add Boolean choice",
      "content_type": 24,
      "codename": "add_booleanparam"
    }
  },
  {
    "model": "auth.permission",
    "pk": 80,
    "fields": {
      "name": "Can change Boolean choice",
      "content_type": 24,
      "codename": "change_booleanparam"
    }
  },
  {
    "model": "auth.permission",
    "pk": 81,
    "fields": {
      "name": "Can delete Boolean choice",
      "content_type": 24,
      "codename": "delete_booleanparam"
    }
  },
  {
    "model": "auth.permission",
    "pk": 82,
    "fields": {
      "name": "Can add Decimal",
      "content_type": 25,
      "codename": "add_decimalparam"
    }
  },
  {
    "model": "auth.permission",
    "pk": 83,
    "fields": {
      "name": "Can change Decimal",
      "content_type": 25,
      "codename": "change_decimalparam"
    }
  },
  {
    "model": "auth.permission",
    "pk": 84,
    "fields": {
      "name": "Can delete Decimal",
      "content_type": 25,
      "codename": "delete_decimalparam"
    }
  },
  {
    "model": "auth.permission",
    "pk": 85,
    "fields": {
      "name": "Can add File input",
      "content_type": 26,
      "codename": "add_fileinput"
    }
  },
  {
    "model": "auth.permission",
    "pk": 86,
    "fields": {
      "name": "Can change File input",
      "content_type": 26,
      "codename": "change_fileinput"
    }
  },
  {
    "model": "auth.permission",
    "pk": 87,
    "fields": {
      "name": "Can delete File input",
      "content_type": 26,
      "codename": "delete_fileinput"
    }
  },
  {
    "model": "auth.permission",
    "pk": 88,
    "fields": {
      "name": "Can add Text Input",
      "content_type": 27,
      "codename": "add_textparam"
    }
  },
  {
    "model": "auth.permission",
    "pk": 89,
    "fields": {
      "name": "Can change Text Input",
      "content_type": 27,
      "codename": "change_textparam"
    }
  },
  {
    "model": "auth.permission",
    "pk": 90,
    "fields": {
      "name": "Can delete Text Input",
      "content_type": 27,
      "codename": "delete_textparam"
    }
  },
  {
    "model": "auth.group",
    "pk": 1,
    "fields": {
      "name": "WAVES-ADMIN",
      "permissions": [
        46,
        49,
        73,
        47,
        50,
        74,
        48,
        51,
        75,
        55,
        56,
        57,
        79,
        80,
        81,
        82,
        83,
        84,
        85,
        86,
        87,
        37,
        38,
        39,
        76,
        77,
        78,
        25,
        26,
        27,
        70,
        31,
        71,
        32,
        72,
        33,
        58,
        59,
        60,
        64,
        65,
        66,
        67,
        68,
        69,
        22,
        23,
        24,
        43,
        44,
        45,
        52,
        53,
        54,
        40,
        41,
        42,
        28,
        29,
        30,
        61,
        62,
        63,
        34,
        35,
        36,
        19,
        20,
        21,
        88,
        89,
        90
      ]
    }
  },
  {
    "model": "auth.group",
    "pk": 2,
    "fields": {
      "name": "WAVES-EDITOR",
      "permissions": [
        55,
        56,
        57,
        79,
        80,
        81,
        82,
        83,
        84,
        85,
        86,
        87,
        37,
        38,
        39,
        76,
        77,
        78,
        67,
        68,
        69,
        41
      ]
    }
  },
  {
    "model": "auth.user",
    "pk": 3,
    "fields": {
      "password": "pbkdf2_sha256$36000$tQ3nZEvKsbPU$PmaUEApBaRa4a/W59J7iJToZd9Oj852w1g7lD1hDCeA=",
      "last_login": "2018-01-03T10:37:07.387Z",
      "is_superuser": true,
      "username": "core-admin",
      "first_name": "Sample",
      "last_name": "Administrator",
      "email": "waves@atgc-montpellier.fr",
      "is_staff": true,
      "is_active": true,
      "date_joined": "2018-01-03T10:36:02Z",
      "groups": [],
      "user_permissions": []
    }
  },
  {
    "model": "wcore.job",
    "pk": 8,
    "fields": {
      "created": "2017-12-20T12:23:46.565Z",
      "updated": "2017-12-20T12:23:46.587Z",
      "slug": "59e780c0-0536-4862-8905-dbd1eb040713",
      "title": "Job EHTER6O6M3XLXKH",
      "submission": 1,
      "_status": 0,
      "status_mail": 9999,
      "client": null,
      "email_to": null,
      "exit_code": 0,
      "results_available": false,
      "nb_retry": 0,
      "remote_job_id": null,
      "remote_history_id": null,
      "_command_line": "adaptors_exception.png copy.txt",
      "_adaptor": "{\"params\": {\"protocol\": \"fork\", \"host\": \"localhost\", \"command\": \"cp\"}, \"clazz\": \"waves.wcore.adaptors.shell.LocalShellAdaptor\"}",
      "service": "Service Simple CP Test",
      "notify": true
    }
  },
  {
    "model": "wcore.job",
    "pk": 9,
    "fields": {
      "created": "2017-12-20T12:28:47.390Z",
      "updated": "2017-12-20T12:28:47.412Z",
      "slug": "e5cdc470-61ef-495e-b0a1-84b0578809d8",
      "title": "Job VOW8YMAW9DU3D5R",
      "submission": 1,
      "_status": 0,
      "status_mail": 9999,
      "client": null,
      "email_to": null,
      "exit_code": 0,
      "results_available": false,
      "nb_retry": 0,
      "remote_job_id": null,
      "remote_history_id": null,
      "_command_line": "adaptors_exception.png copy.txt",
      "_adaptor": "{\"params\": {\"protocol\": \"fork\", \"host\": \"localhost\", \"command\": \"cp\"}, \"clazz\": \"waves.wcore.adaptors.shell.LocalShellAdaptor\"}",
      "service": "Service Simple CP Test",
      "notify": true
    }
  },
  {
    "model": "wcore.service",
    "pk": 1,
    "fields": {
      "created": "2017-10-03T08:25:49.231Z",
      "updated": "2018-01-03T10:37:48.691Z",
      "description": "",
      "short_description": "",
      "api_name": "service_a",
      "binary_file": null,
      "runner": 1,
      "name": "Service A",
      "authors": null,
      "citations": null,
      "version": "1.0",
      "status": 3,
      "email_on": true,
      "partial": false,
      "created_by": 3,
      "remote_service_id": null,
      "edam_topics": "",
      "edam_operations": "",
      "restricted_client": []
    }
  },
  {
    "model": "wcore.service",
    "pk": 2,
    "fields": {
      "created": "2017-10-10T13:44:45.389Z",
      "updated": "2018-01-03T10:37:51.860Z",
      "description": "Nice description for detailed page",
      "short_description": "This service is a poc for overriding templates in code.",
      "api_name": "simple_cp",
      "binary_file": null,
      "runner": 2,
      "name": "Service CP",
      "authors": null,
      "citations": null,
      "version": "1.0",
      "status": 3,
      "email_on": true,
      "partial": false,
      "created_by": 3,
      "remote_service_id": null,
      "edam_topics": "topic_3070, topic_30125",
      "edam_operations": "operation_0303, operation_0102",
      "restricted_client": []
    }
  },
  {
    "model": "wcore.service",
    "pk": 4,
    "fields": {
      "created": "2017-12-27T13:43:31.473Z",
      "updated": "2018-01-03T10:38:09.024Z",
      "description": "",
      "short_description": "This is another service called C",
      "api_name": "service_c",
      "binary_file": null,
      "runner": 4,
      "name": "Service C",
      "authors": null,
      "citations": null,
      "version": "1.0",
      "status": 3,
      "email_on": true,
      "partial": false,
      "created_by": 3,
      "remote_service_id": null,
      "edam_topics": "",
      "edam_operations": "",
      "restricted_client": []
    }
  }
]